,Type,N,P (random encounter)
0,Bug,69,0.08625
1,Dark,31,0.03875
2,Dragon,32,0.04
3,Electric,44,0.055
4,Fairy,17,0.02125
5,Fighting,27,0.03375
6,Fire,52,0.065
7,Flying,4,0.005
8,Ghost,32,0.04
9,Grass,70,0.0875
10,Ground,32,0.04
11,Ice,24,0.03
12,Normal,98,0.1225
13,Poison,28,0.035
14,Psychic,57,0.07125
15,Rock,44,0.055
16,Steel,27,0.03375
17,Water,112,0.14
